clause_id,spec_file,section,paragraph,category,target,artifact_file,artifact_element,test_files,status,assumptions
SAFE@468cf72:spec/00-front-matter.md#0.1.p1:40d0d4cf,spec/00-front-matter.md,0.1,1,conformance_requirement,Conformance,N/A,N/A,,stubbed,
SAFE@468cf72:spec/00-front-matter.md#0.1.p2:9e5cd9ab,spec/00-front-matter.md,0.1,2,implementation_requirement,Conformance,N/A,N/A,,stubbed,
SAFE@468cf72:spec/00-front-matter.md#0.5.p21:5eb1de72,spec/00-front-matter.md,0.5,21,conformance_requirement,Conformance,N/A,N/A,,stubbed,
SAFE@468cf72:spec/00-front-matter.md#0.8.p27:5000a79a,spec/00-front-matter.md,0.8,27,conformance_requirement,Conformance,N/A,N/A,,deferred,All 14 TBD items (TBD-01 through TBD-14) will be resolved
SAFE@468cf72:spec/01-base-definition.md#1.p1:e7bf1014,spec/01-base-definition.md,1,1,conformance_requirement,Conformance,N/A,N/A,,stubbed,
SAFE@468cf72:spec/01-base-definition.md#1.p2:b610468e,spec/01-base-definition.md,1,2,conformance_requirement,Conformance,N/A,N/A,,stubbed,
SAFE@468cf72:spec/01-base-definition.md#1.p3:a2ff4ad4,spec/01-base-definition.md,1,3,static_semantics,Conformance,N/A,N/A,,stubbed,
SAFE@468cf72:spec/01-base-definition.md#1.p6:b83ece40,spec/01-base-definition.md,1,6,static_semantics,Conformance,N/A,N/A,,stubbed,
SAFE@468cf72:spec/02-restrictions.md#2.1.1.p2:75c5cfea,spec/02-restrictions.md,2.1.1,2,legality_rule,Conformance,N/A,N/A,,stubbed,
SAFE@468cf72:spec/02-restrictions.md#2.1.1.p3:f8550668,spec/02-restrictions.md,2.1.1,3,legality_rule,Conformance,N/A,N/A,,stubbed,
SAFE@468cf72:spec/02-restrictions.md#2.1.1.p4:b8e73758,spec/02-restrictions.md,2.1.1,4,legality_rule,Conformance,N/A,N/A,,stubbed,
SAFE@468cf72:spec/02-restrictions.md#2.1.2.p5:c8832ac8,spec/02-restrictions.md,2.1.2,5,legality_rule,Conformance,N/A,N/A,,stubbed,
SAFE@468cf72:spec/02-restrictions.md#2.1.2.p7:2de62408,spec/02-restrictions.md,2.1.2,7,legality_rule,Conformance,N/A,N/A,,stubbed,
SAFE@468cf72:spec/02-restrictions.md#2.1.2.p9:faae18b9,spec/02-restrictions.md,2.1.2,9,legality_rule,Conformance,N/A,N/A,,stubbed,
SAFE@468cf72:spec/02-restrictions.md#2.1.2.p11:3fd55933,spec/02-restrictions.md,2.1.2,11,legality_rule,Conformance,N/A,N/A,,stubbed,
SAFE@468cf72:spec/02-restrictions.md#2.1.2.p12:8da68138,spec/02-restrictions.md,2.1.2,12,legality_rule,Conformance,N/A,N/A,,stubbed,
SAFE@468cf72:spec/02-restrictions.md#2.1.3.p14:4ab42f23,spec/02-restrictions.md,2.1.3,14,legality_rule,Conformance,N/A,N/A,,stubbed,
SAFE@468cf72:spec/02-restrictions.md#2.1.3.p15:9092af85,spec/02-restrictions.md,2.1.3,15,legality_rule,Conformance,N/A,N/A,,stubbed,
SAFE@468cf72:spec/02-restrictions.md#2.1.3.p16:6436f829,spec/02-restrictions.md,2.1.3,16,legality_rule,Conformance,N/A,N/A,,stubbed,
SAFE@468cf72:spec/02-restrictions.md#2.1.3.p17:be123e5f,spec/02-restrictions.md,2.1.3,17,legality_rule,Conformance,N/A,N/A,,stubbed,
SAFE@468cf72:spec/02-restrictions.md#2.1.3.p19:29c43768,spec/02-restrictions.md,2.1.3,19,legality_rule,Conformance,N/A,N/A,,stubbed,
SAFE@468cf72:spec/02-restrictions.md#2.1.3.p22:58a7c04c,spec/02-restrictions.md,2.1.3,22,legality_rule,Conformance,N/A,N/A,,stubbed,
SAFE@468cf72:spec/02-restrictions.md#2.1.3.p23:e51d510c,spec/02-restrictions.md,2.1.3,23,legality_rule,Conformance,N/A,N/A,,stubbed,
SAFE@468cf72:spec/02-restrictions.md#2.1.3.p25:f55ddbee,spec/02-restrictions.md,2.1.3,25,legality_rule,Conformance,N/A,N/A,,stubbed,
SAFE@468cf72:spec/02-restrictions.md#2.1.4.p29:f27b01a7,spec/02-restrictions.md,2.1.4,29,legality_rule,Conformance,N/A,N/A,,stubbed,
SAFE@468cf72:spec/02-restrictions.md#2.1.4.p31:3aff42cb,spec/02-restrictions.md,2.1.4,31,legality_rule,Conformance,N/A,N/A,,stubbed,
SAFE@468cf72:spec/02-restrictions.md#2.1.4.p32:d090f2f1,spec/02-restrictions.md,2.1.4,32,legality_rule,Conformance,N/A,N/A,,stubbed,
SAFE@468cf72:spec/02-restrictions.md#2.1.5.p34:70346a23,spec/02-restrictions.md,2.1.5,34,legality_rule,Conformance,N/A,N/A,,stubbed,
SAFE@468cf72:spec/02-restrictions.md#2.1.5.p35:9db565e8,spec/02-restrictions.md,2.1.5,35,legality_rule,Conformance,N/A,N/A,,stubbed,
SAFE@468cf72:spec/02-restrictions.md#2.1.5.p36:ba7835b4,spec/02-restrictions.md,2.1.5,36,static_semantics,Conformance,N/A,N/A,,stubbed,
SAFE@468cf72:spec/02-restrictions.md#2.1.5.p38:872f4ec6,spec/02-restrictions.md,2.1.5,38,legality_rule,Conformance,N/A,N/A,,stubbed,
SAFE@468cf72:spec/02-restrictions.md#2.1.5.p40:cc41753d,spec/02-restrictions.md,2.1.5,40,legality_rule,Conformance,N/A,N/A,,stubbed,
SAFE@468cf72:spec/02-restrictions.md#2.1.6.p44:a5524a86,spec/02-restrictions.md,2.1.6,44,legality_rule,Conformance,N/A,N/A,,stubbed,
SAFE@468cf72:spec/02-restrictions.md#2.1.7.p51:3bd0226a,spec/02-restrictions.md,2.1.7,51,legality_rule,Conformance,N/A,N/A,,stubbed,
SAFE@468cf72:spec/02-restrictions.md#2.1.8.p57:6fc7a14c,spec/02-restrictions.md,2.1.8,57,legality_rule,Race-freedom,N/A,N/A,,stubbed,
SAFE@468cf72:spec/02-restrictions.md#2.1.8.p58:9bf4999c,spec/02-restrictions.md,2.1.8,58,legality_rule,Conformance,N/A,N/A,,stubbed,
SAFE@468cf72:spec/02-restrictions.md#2.1.8.p59:95c073d3,spec/02-restrictions.md,2.1.8,59,legality_rule,Conformance,N/A,N/A,,stubbed,
SAFE@468cf72:spec/02-restrictions.md#2.1.8.p60:75dc85e6,spec/02-restrictions.md,2.1.8,60,legality_rule,Conformance,N/A,N/A,,stubbed,
SAFE@468cf72:spec/02-restrictions.md#2.1.8.p61:f91fb172,spec/02-restrictions.md,2.1.8,61,legality_rule,Conformance,N/A,N/A,,stubbed,
SAFE@468cf72:spec/02-restrictions.md#2.1.8.p62:9053b623,spec/02-restrictions.md,2.1.8,62,legality_rule,Conformance,N/A,N/A,,stubbed,
SAFE@468cf72:spec/02-restrictions.md#2.1.9.p65:a6f8ab1c,spec/02-restrictions.md,2.1.9,65,legality_rule,Conformance,N/A,N/A,,stubbed,
SAFE@468cf72:spec/02-restrictions.md#2.1.9.p66:3d98f9e9,spec/02-restrictions.md,2.1.9,66,legality_rule,Conformance,N/A,N/A,,stubbed,
SAFE@468cf72:spec/02-restrictions.md#2.1.10.p67:50d815f0,spec/02-restrictions.md,2.1.10,67,legality_rule,Conformance,N/A,N/A,,stubbed,
SAFE@468cf72:spec/02-restrictions.md#2.1.11.p69:4ced1c77,spec/02-restrictions.md,2.1.11,69,legality_rule,Conformance,N/A,N/A,,stubbed,
SAFE@468cf72:spec/02-restrictions.md#2.1.12.p77:8b158e82,spec/02-restrictions.md,2.1.12,77,legality_rule,Conformance,N/A,N/A,,stubbed,
SAFE@468cf72:spec/02-restrictions.md#2.1.12.p78:803e4add,spec/02-restrictions.md,2.1.12,78,legality_rule,Conformance,N/A,N/A,,stubbed,
SAFE@468cf72:spec/02-restrictions.md#2.1.12.p79:90727967,spec/02-restrictions.md,2.1.12,79,legality_rule,Memory-safety,N/A,N/A,,stubbed,
SAFE@468cf72:spec/02-restrictions.md#2.1.12.p80:15d3c6f7,spec/02-restrictions.md,2.1.12,80,legality_rule,Memory-safety,N/A,N/A,,stubbed,
SAFE@468cf72:spec/02-restrictions.md#2.1.12.p82:453192f0,spec/02-restrictions.md,2.1.12,82,legality_rule,Conformance,N/A,N/A,,stubbed,
SAFE@468cf72:spec/02-restrictions.md#2.1.13.p84:84829058,spec/02-restrictions.md,2.1.13,84,legality_rule,Conformance,N/A,N/A,,stubbed,
SAFE@468cf72:spec/02-restrictions.md#2.1.13.p91:4a433f78,spec/02-restrictions.md,2.1.13,91,legality_rule,Conformance,N/A,N/A,,stubbed,
SAFE@468cf72:spec/02-restrictions.md#2.2.p93:301d16b8,spec/02-restrictions.md,2.2,93,legality_rule,Conformance,N/A,N/A,,stubbed,
SAFE@468cf72:spec/02-restrictions.md#2.7.p124:ef993f07,spec/02-restrictions.md,2.7,124,legality_rule,Conformance,N/A,N/A,,stubbed,
SAFE@468cf72:spec/02-restrictions.md#2.3.2.p96a:0eaf48aa,spec/02-restrictions.md,2.3.2,96a,dynamic_semantics,Memory-safety,companion/spark/safe_po.ads,Safe_PO.Check_Owned_For_Move; Safe_Model.Ownership_State; Safe_Model.Make_Channel; Safe_Model.Is_Borrowable; Safe_Model.Is_Movable,tests/positive/ownership_move.safe; tests/positive/rule4_linked_list.safe; tests/negative/neg_own_double_move.safe; tests/golden/golden_ownership/; tests/diagnostics_golden/diag_double_move.txt,stubbed,
SAFE@468cf72:spec/02-restrictions.md#2.3.2.p96c:0b45de01,spec/02-restrictions.md,2.3.2,96c,legality_rule,Memory-safety,companion/spark/safe_po.ads,Safe_PO.Check_Not_Moved; Safe_Model.Ownership_State; Safe_Model.Make_Channel,tests/positive/ownership_move.safe; tests/negative/neg_own_double_move.safe; tests/negative/neg_own_use_after_move.safe; tests/negative/neg_rule4_moved.safe; tests/golden/golden_ownership/; tests/diagnostics_golden/diag_double_move.txt,stubbed,
SAFE@468cf72:spec/02-restrictions.md#2.3.2.p97a:8d0214d5,spec/02-restrictions.md,2.3.2,97a,legality_rule,Memory-safety,N/A,N/A,tests/positive/ownership_move.safe; tests/golden/golden_ownership/,stubbed,
SAFE@468cf72:spec/02-restrictions.md#2.3.2.p97a-diag:dc259149,spec/02-restrictions.md,2.3.2,97a-diag,legality_rule,Memory-safety,N/A,N/A,,stubbed,
SAFE@468cf72:spec/02-restrictions.md#2.3.3.p99b:47108b45,spec/02-restrictions.md,2.3.3,99b,legality_rule,Memory-safety,companion/spark/safe_po.ads,Safe_PO.Check_Borrow_Exclusive; Safe_Model.Ownership_State; Safe_Model.Make_Channel; Safe_Model.Is_Observable; Safe_Model.Is_Borrowable,tests/positive/ownership_borrow.safe; tests/negative/neg_own_borrow_conflict.safe,stubbed,
SAFE@468cf72:spec/02-restrictions.md#2.3.3.p100a:ba849e66,spec/02-restrictions.md,2.3.3,100a,legality_rule,Memory-safety,N/A,N/A,tests/positive/ownership_borrow.safe,stubbed,
SAFE@468cf72:spec/02-restrictions.md#2.3.4a.p102a:5bc5ab8b,spec/02-restrictions.md,2.3.4a,102a,legality_rule,Memory-safety,companion/spark/safe_po.ads,Safe_PO.Check_Observe_Shared; Safe_Model.Ownership_State; Safe_Model.Make_Channel; Safe_Model.Is_Valid_Transition; Safe_Model.Is_Observable,tests/positive/ownership_observe.safe; tests/negative/neg_own_lifetime.safe; tests/negative/neg_own_observe_mutate.safe,stubbed,
SAFE@468cf72:spec/02-restrictions.md#2.3.4a.p102a-a:ae729065,spec/02-restrictions.md,2.3.4a,102a-a,legality_rule,Memory-safety,N/A,N/A,tests/positive/ownership_observe.safe; tests/negative/neg_own_lifetime.safe,stubbed,
SAFE@468cf72:spec/02-restrictions.md#2.3.4a.p102b:2ed757bd,spec/02-restrictions.md,2.3.4a,102b,legality_rule,Memory-safety,companion/spark/safe_model.ads,Safe_Model.Ownership_State; Safe_Model.Make_Channel,tests/negative/neg_rule4_freed.safe,stubbed,
SAFE@468cf72:spec/02-restrictions.md#2.3.4a.p102b-diag:ddab22c8,spec/02-restrictions.md,2.3.4a,102b-diag,legality_rule,Memory-safety,N/A,N/A,tests/negative/neg_rule4_freed.safe,stubbed,
SAFE@468cf72:spec/02-restrictions.md#2.3.5.p103a:520dc0d4,spec/02-restrictions.md,2.3.5,103a,dynamic_semantics,Memory-safety,N/A,N/A,tests/positive/rule4_factory.safe,stubbed,Runtime abort handler is correctly implemented
SAFE@468cf72:spec/02-restrictions.md#2.3.5.p104:d9f9b8d9,spec/02-restrictions.md,2.3.5,104,dynamic_semantics,Memory-safety,N/A,N/A,tests/golden/golden_ownership/,stubbed,
SAFE@468cf72:spec/02-restrictions.md#2.3.5.p104a:b70c1d15,spec/02-restrictions.md,2.3.5,104a,dynamic_semantics,Memory-safety,N/A,N/A,,stubbed,
SAFE@468cf72:spec/02-restrictions.md#2.3.5.p105:d4a9cdb4,spec/02-restrictions.md,2.3.5,105,dynamic_semantics,Memory-safety,N/A,N/A,,stubbed,
SAFE@468cf72:spec/02-restrictions.md#2.3.5.p106:bae12394,spec/02-restrictions.md,2.3.5,106,static_semantics,Memory-safety,N/A,N/A,,stubbed,
SAFE@468cf72:spec/02-restrictions.md#2.3.7.p108:083e15a2,spec/02-restrictions.md,2.3.7,108,implementation_requirement,Memory-safety,N/A,N/A,,stubbed,Dependency interface information accurately represents effects
SAFE@468cf72:spec/02-restrictions.md#2.3.8.p111:42819528,spec/02-restrictions.md,2.3.8,111,legality_rule,Memory-safety,N/A,N/A,,stubbed,
SAFE@468cf72:spec/02-restrictions.md#2.3.8.p111a:a858bdfc,spec/02-restrictions.md,2.3.8,111a,legality_rule,Memory-safety,N/A,N/A,,stubbed,
SAFE@468cf72:spec/02-restrictions.md#2.3.8.p111b:2921e9d2,spec/02-restrictions.md,2.3.8,111b,legality_rule,Memory-safety,N/A,N/A,,stubbed,
SAFE@468cf72:spec/02-restrictions.md#2.3.8.p111c:819cc398,spec/02-restrictions.md,2.3.8,111c,legality_rule,Memory-safety,N/A,N/A,,stubbed,
SAFE@468cf72:spec/02-restrictions.md#2.3.8.p113:75fcd707,spec/02-restrictions.md,2.3.8,113,implementation_requirement,Silver-AoRTE,N/A,N/A,,stubbed,
SAFE@468cf72:spec/02-restrictions.md#2.3.8.p109-end:5d18703e,spec/02-restrictions.md,2.3.8,109-end,static_semantics,Silver-AoRTE,N/A,N/A,,stubbed,
SAFE@468cf72:spec/02-restrictions.md#2.8.1.p126:812b54a8,spec/02-restrictions.md,2.8.1,126,dynamic_semantics,Silver-AoRTE,companion/spark/safe_po.ads,Safe_PO.Safe_Div; Safe_Model.Range64,tests/positive/rule1_accumulate.safe; tests/positive/rule1_averaging.safe; tests/positive/rule2_binary_search.safe; tests/positive/rule2_binary_search_function.safe; tests/positive/rule3_average.safe; tests/negative/neg_rule1_overflow.safe; tests/golden/golden_sensors/; tests/diagnostics_golden/diag_overflow.txt,stubbed,Implementation provides at least 64-bit intermediate evaluation
SAFE@468cf72:spec/02-restrictions.md#2.8.1.p127:d5d93439,spec/02-restrictions.md,2.8.1,127,dynamic_semantics,Silver-AoRTE,companion/spark/safe_po.ads,Safe_PO.Narrow_Assignment; Safe_PO.Narrow_Parameter; Safe_PO.Narrow_Return; Safe_PO.Narrow_Indexing; Safe_PO.Narrow_Conversion; Safe_Model.Range64,tests/positive/rule1_accumulate.safe; tests/positive/rule1_averaging.safe; tests/positive/rule1_conversion.safe; tests/positive/rule1_parameter.safe; tests/positive/rule1_return.safe; tests/positive/rule3_percent.safe; tests/negative/neg_rule1_index_fail.safe; tests/negative/neg_rule1_narrow_fail.safe; tests/negative/neg_rule1_param_fail.safe; tests/negative/neg_rule1_return_fail.safe; tests/golden/golden_sensors/,stubbed,
SAFE@468cf72:spec/02-restrictions.md#2.8.1.p128:d2e83ca8,spec/02-restrictions.md,2.8.1,128,legality_rule,Silver-AoRTE,companion/spark/safe_model.ads,Safe_Model.Range64; Safe_Model.Excludes_Zero,,stubbed,
SAFE@468cf72:spec/02-restrictions.md#2.8.1.p129:9f3b1394,spec/02-restrictions.md,2.8.1,129,legality_rule,Silver-AoRTE,N/A,N/A,tests/positive/rule1_accumulate.safe; tests/negative/neg_rule1_overflow.safe; tests/diagnostics_golden/diag_overflow.txt,stubbed,
SAFE@468cf72:spec/02-restrictions.md#2.8.1.p130:2289e5b2,spec/02-restrictions.md,2.8.1,130,implementation_requirement,Silver-AoRTE,companion/spark/safe_po.ads,Safe_PO.Narrow_Assignment; Safe_PO.Narrow_Parameter; Safe_PO.Narrow_Conversion,tests/positive/rule1_conversion.safe; tests/positive/rule1_parameter.safe; tests/negative/neg_rule1_narrow_fail.safe; tests/negative/neg_rule1_param_fail.safe,stubbed,Static range analysis is sound
SAFE@468cf72:spec/02-restrictions.md#2.8.2.p131:30aba5f5,spec/02-restrictions.md,2.8.2,131,legality_rule,Silver-AoRTE,companion/spark/safe_po.ads,Safe_PO.Narrow_Indexing; Safe_PO.Safe_Index,tests/positive/rule2_binary_search.safe; tests/positive/rule2_binary_search_function.safe; tests/positive/rule2_iteration.safe; tests/positive/rule2_lookup.safe; tests/positive/rule2_matrix.safe; tests/positive/rule2_slice.safe; tests/negative/neg_rule1_index_fail.safe; tests/negative/neg_rule2_dynamic.safe; tests/negative/neg_rule2_empty.safe; tests/negative/neg_rule2_negative.safe; tests/negative/neg_rule2_off_by_one.safe; tests/negative/neg_rule2_oob.safe; tests/diagnostics_golden/diag_index_oob.txt,stubbed,
SAFE@468cf72:spec/02-restrictions.md#2.8.2.p132:8613ecf4,spec/02-restrictions.md,2.8.2,132,legality_rule,Silver-AoRTE,companion/spark/safe_po.ads,Safe_PO.Safe_Index,tests/positive/rule2_lookup.safe; tests/positive/rule2_matrix.safe; tests/positive/rule2_slice.safe; tests/negative/neg_rule2_dynamic.safe; tests/negative/neg_rule2_empty.safe; tests/negative/neg_rule2_negative.safe; tests/negative/neg_rule2_off_by_one.safe; tests/negative/neg_rule2_oob.safe; tests/diagnostics_golden/diag_index_oob.txt,stubbed,
SAFE@468cf72:spec/02-restrictions.md#2.8.3.p133:0610d951,spec/02-restrictions.md,2.8.3,133,legality_rule,Silver-AoRTE,companion/spark/safe_po.ads,Safe_PO.Safe_Div; Safe_PO.Nonzero; Safe_PO.Safe_Mod; Safe_PO.Safe_Rem; Safe_Model.Excludes_Zero,tests/positive/rule3_average.safe; tests/positive/rule3_divide.safe; tests/positive/rule3_modulo.safe; tests/positive/rule3_percent.safe; tests/positive/rule3_remainder.safe; tests/positive/rule5_statistics.safe; tests/negative/neg_rule3_expression.safe; tests/negative/neg_rule3_variable.safe; tests/negative/neg_rule3_zero_div.safe; tests/negative/neg_rule3_zero_mod.safe; tests/negative/neg_rule3_zero_rem.safe; tests/diagnostics_golden/diag_zero_div.txt,stubbed,
SAFE@468cf72:spec/02-restrictions.md#2.8.3.p134:90a17a3b,spec/02-restrictions.md,2.8.3,134,legality_rule,Silver-AoRTE,companion/spark/safe_po.ads,Safe_PO.Nonzero,tests/positive/rule3_divide.safe; tests/positive/rule3_modulo.safe; tests/positive/rule3_remainder.safe; tests/negative/neg_rule3_expression.safe; tests/negative/neg_rule3_variable.safe; tests/negative/neg_rule3_zero_div.safe; tests/negative/neg_rule3_zero_mod.safe; tests/negative/neg_rule3_zero_rem.safe; tests/diagnostics_golden/diag_zero_div.txt,stubbed,
SAFE@468cf72:spec/02-restrictions.md#2.8.4.p136:fa5e94b7,spec/02-restrictions.md,2.8.4,136,legality_rule,Silver-AoRTE,companion/spark/safe_po.ads,Safe_PO.Not_Null_Ptr; Safe_PO.Safe_Deref; Safe_Model.Is_Dereferenceable; Safe_Model.Is_Accessible,tests/positive/rule4_conditional.safe; tests/positive/rule4_deref.safe; tests/positive/rule4_factory.safe; tests/positive/rule4_linked_list.safe; tests/positive/rule4_linked_list_sum.safe; tests/positive/rule4_optional.safe; tests/negative/neg_rule4_maybe_null.safe; tests/negative/neg_rule4_moved.safe; tests/negative/neg_rule4_null_deref.safe; tests/negative/neg_rule4_uninitialized.safe; tests/diagnostics_golden/diag_null_deref.txt,stubbed,
SAFE@468cf72:spec/02-restrictions.md#2.8.5.p139:d50bc714,spec/02-restrictions.md,2.8.5,139,implementation_requirement,Silver-AoRTE,companion/spark/safe_po.ads,Safe_PO.FP_Safe_Div,tests/positive/rule5_normalize.safe; tests/positive/rule5_vector_normalize.safe; tests/negative/neg_rule5_div_zero.safe,stubbed,Target hardware supports IEEE 754 non-trapping mode
SAFE@468cf72:spec/02-restrictions.md#2.8.5.p139b:5e20032b,spec/02-restrictions.md,2.8.5,139b,implementation_requirement,Silver-AoRTE,companion/spark/safe_po.ads,Safe_PO.FP_Not_Infinity; Safe_PO.FP_Safe_Div,tests/positive/rule5_filter.safe; tests/positive/rule5_interpolate.safe; tests/positive/rule5_normalize.safe; tests/positive/rule5_statistics.safe; tests/positive/rule5_temperature.safe; tests/positive/rule5_vector_normalize.safe; tests/negative/neg_rule5_infinity.safe; tests/negative/neg_rule5_overflow.safe,stubbed,
SAFE@468cf72:spec/02-restrictions.md#2.8.5.p139c:7fad4f7d,spec/02-restrictions.md,2.8.5,139c,legality_rule,Silver-AoRTE,N/A,N/A,tests/negative/neg_rule5_nan.safe; tests/negative/neg_rule5_overflow.safe; tests/negative/neg_rule5_uninitialized.safe,stubbed,
SAFE@468cf72:spec/02-restrictions.md#2.8.5.p139d:56f1f36b,spec/02-restrictions.md,2.8.5,139d,legality_rule,Silver-AoRTE,companion/spark/safe_po.ads,Safe_PO.FP_Not_NaN; Safe_PO.FP_Not_Infinity,tests/positive/rule5_filter.safe; tests/positive/rule5_interpolate.safe; tests/positive/rule5_normalize.safe; tests/positive/rule5_statistics.safe; tests/positive/rule5_temperature.safe; tests/positive/rule5_vector_normalize.safe; tests/negative/neg_rule5_div_zero.safe; tests/negative/neg_rule5_infinity.safe; tests/negative/neg_rule5_nan.safe; tests/negative/neg_rule5_uninitialized.safe,stubbed,
SAFE@468cf72:spec/02-restrictions.md#2.9.p140:7eeb1bb6,spec/02-restrictions.md,2.9,140,static_semantics,Conformance,N/A,N/A,,stubbed,
SAFE@468cf72:spec/02-restrictions.md#2.10.p141:9e5dc3fe,spec/02-restrictions.md,2.10,141,legality_rule,Conformance,N/A,N/A,,stubbed,
SAFE@468cf72:spec/03-single-file-packages.md#3.p0:dcd1bc13,spec/03-single-file-packages.md,3,0,implementation_requirement,Conformance,N/A,N/A,,stubbed,
SAFE@468cf72:spec/03-single-file-packages.md#3.2.1.p8:cb47c342,spec/03-single-file-packages.md,3.2.1,8,legality_rule,Conformance,N/A,N/A,,stubbed,
SAFE@468cf72:spec/03-single-file-packages.md#3.2.2.p9:d7d76101,spec/03-single-file-packages.md,3.2.2,9,legality_rule,Conformance,N/A,N/A,,stubbed,
SAFE@468cf72:spec/03-single-file-packages.md#3.2.3.p12:b76eb7bf,spec/03-single-file-packages.md,3.2.3,12,legality_rule,Conformance,N/A,N/A,,stubbed,
SAFE@468cf72:spec/03-single-file-packages.md#3.2.3.p13:8bf74e20,spec/03-single-file-packages.md,3.2.3,13,legality_rule,Conformance,N/A,N/A,,stubbed,
SAFE@468cf72:spec/03-single-file-packages.md#3.2.3.p14:c205a40a,spec/03-single-file-packages.md,3.2.3,14,legality_rule,Conformance,N/A,N/A,,stubbed,
SAFE@468cf72:spec/03-single-file-packages.md#3.2.4.p15:e090edc2,spec/03-single-file-packages.md,3.2.4,15,legality_rule,Conformance,N/A,N/A,,stubbed,
SAFE@468cf72:spec/03-single-file-packages.md#3.2.5.p19:05cb629b,spec/03-single-file-packages.md,3.2.5,19,legality_rule,Conformance,N/A,N/A,,stubbed,
SAFE@468cf72:spec/03-single-file-packages.md#3.2.5.p20:d2c1d841,spec/03-single-file-packages.md,3.2.5,20,static_semantics,Conformance,N/A,N/A,,stubbed,
SAFE@468cf72:spec/03-single-file-packages.md#3.2.6.p23:26dc2217,spec/03-single-file-packages.md,3.2.6,23,legality_rule,Conformance,N/A,N/A,,stubbed,
SAFE@468cf72:spec/03-single-file-packages.md#3.2.6.p24:12e57227,spec/03-single-file-packages.md,3.2.6,24,implementation_requirement,Conformance,N/A,N/A,,stubbed,
SAFE@468cf72:spec/03-single-file-packages.md#3.2.9.p31:c2a3dc04,spec/03-single-file-packages.md,3.2.9,31,legality_rule,Conformance,N/A,N/A,,stubbed,
SAFE@468cf72:spec/03-single-file-packages.md#3.2.10.p32:be83c6b5,spec/03-single-file-packages.md,3.2.10,32,legality_rule,Conformance,N/A,N/A,,stubbed,
SAFE@468cf72:spec/03-single-file-packages.md#3.3.1.p33:b08ead48,spec/03-single-file-packages.md,3.3.1,33,implementation_requirement,Conformance,N/A,N/A,,stubbed,
SAFE@468cf72:spec/03-single-file-packages.md#3.3.1.p34:2a0b2728,spec/03-single-file-packages.md,3.3.1,34,implementation_requirement,Conformance,N/A,N/A,,stubbed,
SAFE@468cf72:spec/03-single-file-packages.md#3.3.1.p35:0bbb4bb7,spec/03-single-file-packages.md,3.3.1,35,legality_rule,Conformance,N/A,N/A,,stubbed,
SAFE@468cf72:spec/03-single-file-packages.md#3.3.4.p40:cdfbcb6b,spec/03-single-file-packages.md,3.3.4,40,static_semantics,Conformance,N/A,N/A,,stubbed,
SAFE@468cf72:spec/03-single-file-packages.md#3.4.1.p42:b88e8ad4,spec/03-single-file-packages.md,3.4.1,42,dynamic_semantics,Determinism,N/A,N/A,,stubbed,
SAFE@468cf72:spec/03-single-file-packages.md#3.4.2.p44:a655dde4,spec/03-single-file-packages.md,3.4.2,44,dynamic_semantics,Determinism,N/A,N/A,,stubbed,
SAFE@468cf72:spec/03-single-file-packages.md#3.4.2.p45:80712e1a,spec/03-single-file-packages.md,3.4.2,45,dynamic_semantics,Determinism,N/A,N/A,,stubbed,
SAFE@468cf72:spec/03-single-file-packages.md#3.4.3.p46:b5f92bd9,spec/03-single-file-packages.md,3.4.3,46,dynamic_semantics,Race-freedom,N/A,N/A,,stubbed,Runtime system implements deferred task activation
SAFE@468cf72:spec/03-single-file-packages.md#3.5.1.p47:b7e93197,spec/03-single-file-packages.md,3.5.1,47,implementation_requirement,Conformance,N/A,N/A,,stubbed,
SAFE@468cf72:spec/03-single-file-packages.md#3.5.1.p48:616dd05d,spec/03-single-file-packages.md,3.5.1,48,implementation_requirement,Conformance,N/A,N/A,,stubbed,
SAFE@468cf72:spec/03-single-file-packages.md#3.5.2.p49:02b25de0,spec/03-single-file-packages.md,3.5.2,49,implementation_requirement,Conformance,N/A,N/A,,stubbed,
SAFE@468cf72:spec/04-tasks-and-channels.md#4.1.p2:78f022f7,spec/04-tasks-and-channels.md,4.1,2,legality_rule,Race-freedom,N/A,N/A,tests/positive/channel_pingpong.safe; tests/positive/channel_pipeline.safe; tests/positive/channel_pipeline_compute.safe; tests/golden/golden_pipeline/,stubbed,
SAFE@468cf72:spec/04-tasks-and-channels.md#4.1.p3:542e0dee,spec/04-tasks-and-channels.md,4.1,3,legality_rule,Race-freedom,N/A,N/A,,stubbed,
SAFE@468cf72:spec/04-tasks-and-channels.md#4.1.p4:016e5737,spec/04-tasks-and-channels.md,4.1,4,legality_rule,Conformance,N/A,N/A,,stubbed,
SAFE@468cf72:spec/04-tasks-and-channels.md#4.1.p5:4e4afebc,spec/04-tasks-and-channels.md,4.1,5,legality_rule,Race-freedom,N/A,N/A,,stubbed,
SAFE@468cf72:spec/04-tasks-and-channels.md#4.1.p6:be85291b,spec/04-tasks-and-channels.md,4.1,6,legality_rule,Conformance,N/A,N/A,,stubbed,
SAFE@468cf72:spec/04-tasks-and-channels.md#4.1.p7:393c53c2,spec/04-tasks-and-channels.md,4.1,7,legality_rule,Conformance,N/A,N/A,,stubbed,
SAFE@468cf72:spec/04-tasks-and-channels.md#4.1.p9:b4640bda,spec/04-tasks-and-channels.md,4.1,9,implementation_requirement,Conformance,N/A,N/A,,stubbed,
SAFE@468cf72:spec/04-tasks-and-channels.md#4.1.p10:92a67777,spec/04-tasks-and-channels.md,4.1,10,dynamic_semantics,Race-freedom,N/A,N/A,,stubbed,
SAFE@468cf72:spec/04-tasks-and-channels.md#4.1.p11:2460c5cb,spec/04-tasks-and-channels.md,4.1,11,dynamic_semantics,Determinism,N/A,N/A,,stubbed,
SAFE@468cf72:spec/04-tasks-and-channels.md#4.2.p13:4f888b03,spec/04-tasks-and-channels.md,4.2,13,legality_rule,Conformance,N/A,N/A,,stubbed,
SAFE@468cf72:spec/04-tasks-and-channels.md#4.2.p14:a35bd0fa,spec/04-tasks-and-channels.md,4.2,14,legality_rule,Conformance,N/A,N/A,,stubbed,
SAFE@468cf72:spec/04-tasks-and-channels.md#4.2.p15:b5b29b0e,spec/04-tasks-and-channels.md,4.2,15,legality_rule,Conformance,companion/spark/safe_po.ads,Safe_PO.Check_Channel_Capacity_Positive; Safe_Model.Channel_State,tests/positive/channel_pingpong.safe; tests/positive/channel_pipeline.safe; tests/positive/channel_pipeline_compute.safe; tests/negative/neg_chan_empty_recv.safe; tests/negative/neg_chan_full_send.safe; tests/negative/neg_chan_zero_cap.safe; tests/golden/golden_pipeline/,stubbed,
SAFE@468cf72:spec/04-tasks-and-channels.md#4.2.p20:8aa1a21e,spec/04-tasks-and-channels.md,4.2,20,dynamic_semantics,Determinism,companion/spark/safe_model.ads,Safe_Model.Channel_State,tests/positive/channel_pingpong.safe; tests/positive/channel_pipeline.safe; tests/positive/channel_pipeline_compute.safe; tests/golden/golden_pipeline/; tests/concurrency/fifo_ordering.safe,stubbed,
SAFE@468cf72:spec/04-tasks-and-channels.md#4.2.p21:c6a92460,spec/04-tasks-and-channels.md,4.2,21,implementation_requirement,Race-freedom,N/A,N/A,,stubbed,
SAFE@468cf72:spec/04-tasks-and-channels.md#4.2.p21a:16ec46cb,spec/04-tasks-and-channels.md,4.2,21a,implementation_requirement,Race-freedom,N/A,N/A,,stubbed,
SAFE@468cf72:spec/04-tasks-and-channels.md#4.3.p23:197d9a49,spec/04-tasks-and-channels.md,4.3,23,legality_rule,Conformance,N/A,N/A,,stubbed,
SAFE@468cf72:spec/04-tasks-and-channels.md#4.3.p24:9e47ed4c,spec/04-tasks-and-channels.md,4.3,24,legality_rule,Conformance,N/A,N/A,,stubbed,
SAFE@468cf72:spec/04-tasks-and-channels.md#4.3.p25:961abe5a,spec/04-tasks-and-channels.md,4.3,25,legality_rule,Conformance,N/A,N/A,,stubbed,
SAFE@468cf72:spec/04-tasks-and-channels.md#4.3.p26:3a9449c1,spec/04-tasks-and-channels.md,4.3,26,legality_rule,Conformance,N/A,N/A,,stubbed,
SAFE@468cf72:spec/04-tasks-and-channels.md#4.3.p27:ef0ce6bd,spec/04-tasks-and-channels.md,4.3,27,dynamic_semantics,Race-freedom,companion/spark/safe_po.ads,Safe_PO.Check_Channel_Not_Full; Safe_Model.Channel_State,tests/positive/channel_pingpong.safe; tests/positive/channel_pipeline.safe; tests/positive/channel_pipeline_compute.safe; tests/negative/neg_chan_full_send.safe; tests/golden/golden_pipeline/; tests/concurrency/fifo_ordering.safe; tests/concurrency/multi_task_channel.safe,stubbed,
SAFE@468cf72:spec/04-tasks-and-channels.md#4.3.p27a:8ed3c1d4,spec/04-tasks-and-channels.md,4.3,27a,dynamic_semantics,Memory-safety,N/A,N/A,,stubbed,
SAFE@468cf72:spec/04-tasks-and-channels.md#4.3.p28:ea6bd13c,spec/04-tasks-and-channels.md,4.3,28,dynamic_semantics,Race-freedom,companion/spark/safe_po.ads,Safe_PO.Check_Channel_Not_Empty; Safe_Model.Channel_State,tests/positive/channel_pingpong.safe; tests/positive/channel_pipeline.safe; tests/positive/channel_pipeline_compute.safe; tests/negative/neg_chan_empty_recv.safe; tests/golden/golden_pipeline/; tests/concurrency/fifo_ordering.safe; tests/concurrency/multi_task_channel.safe,stubbed,
SAFE@468cf72:spec/04-tasks-and-channels.md#4.3.p28a:4cb19779,spec/04-tasks-and-channels.md,4.3,28a,dynamic_semantics,Memory-safety,N/A,N/A,,stubbed,
SAFE@468cf72:spec/04-tasks-and-channels.md#4.3.p29:f792d704,spec/04-tasks-and-channels.md,4.3,29,dynamic_semantics,Race-freedom,companion/spark/safe_po.ads,Safe_PO.Check_Channel_Not_Full,tests/concurrency/try_send_ownership.safe,stubbed,
SAFE@468cf72:spec/04-tasks-and-channels.md#4.3.p29a:8d3f2225,spec/04-tasks-and-channels.md,4.3,29a,dynamic_semantics,Memory-safety,N/A,N/A,tests/concurrency/try_send_ownership.safe,stubbed,
SAFE@468cf72:spec/04-tasks-and-channels.md#4.3.p29b:7121ccd7,spec/04-tasks-and-channels.md,4.3,29b,implementation_requirement,Memory-safety,N/A,N/A,tests/concurrency/try_send_ownership.safe,stubbed,
SAFE@468cf72:spec/04-tasks-and-channels.md#4.3.p30:62619161,spec/04-tasks-and-channels.md,4.3,30,dynamic_semantics,Memory-safety,N/A,N/A,,stubbed,
SAFE@468cf72:spec/04-tasks-and-channels.md#4.3.p31:a7297e97,spec/04-tasks-and-channels.md,4.3,31,implementation_requirement,Race-freedom,companion/spark/safe_model.ads,Safe_Model.Channel_State,tests/positive/channel_pipeline.safe; tests/positive/channel_pipeline_compute.safe; tests/golden/golden_pipeline/; tests/concurrency/multi_task_channel.safe,stubbed,Channel implementation provides mutual exclusion
SAFE@468cf72:spec/04-tasks-and-channels.md#4.3.p31a:a621d08c,spec/04-tasks-and-channels.md,4.3,31a,dynamic_semantics,Memory-safety,N/A,N/A,,stubbed,Channel implementation correctly serializes access
SAFE@468cf72:spec/04-tasks-and-channels.md#4.4.p33:7a94ab51,spec/04-tasks-and-channels.md,4.4,33,legality_rule,Conformance,N/A,N/A,tests/concurrency/select_priority.safe; tests/concurrency/select_with_delay.safe; tests/concurrency/select_delay_local_scope.safe,stubbed,
SAFE@468cf72:spec/04-tasks-and-channels.md#4.4.p34:f0f83b83,spec/04-tasks-and-channels.md,4.4,34,legality_rule,Conformance,N/A,N/A,,stubbed,
SAFE@468cf72:spec/04-tasks-and-channels.md#4.4.p35:2ad6e64f,spec/04-tasks-and-channels.md,4.4,35,legality_rule,Conformance,N/A,N/A,tests/concurrency/select_priority.safe,stubbed,
SAFE@468cf72:spec/04-tasks-and-channels.md#4.4.p36:0bffbd47,spec/04-tasks-and-channels.md,4.4,36,legality_rule,Conformance,N/A,N/A,,stubbed,
SAFE@468cf72:spec/04-tasks-and-channels.md#4.4.p37:6ced8129,spec/04-tasks-and-channels.md,4.4,37,static_semantics,Conformance,N/A,N/A,,stubbed,
SAFE@468cf72:spec/04-tasks-and-channels.md#4.4.p38:35ed84d9,spec/04-tasks-and-channels.md,4.4,38,legality_rule,Conformance,N/A,N/A,tests/concurrency/select_with_delay.safe; tests/concurrency/select_delay_local_scope.safe,stubbed,
SAFE@468cf72:spec/04-tasks-and-channels.md#4.4.p39:1012f4db,spec/04-tasks-and-channels.md,4.4,39,dynamic_semantics,Determinism,N/A,N/A,tests/concurrency/select_priority.safe,stubbed,
SAFE@468cf72:spec/04-tasks-and-channels.md#4.4.p40:4cfdeffe,spec/04-tasks-and-channels.md,4.4,40,dynamic_semantics,Determinism,N/A,N/A,,stubbed,
SAFE@468cf72:spec/04-tasks-and-channels.md#4.4.p41:cdf6a558,spec/04-tasks-and-channels.md,4.4,41,dynamic_semantics,Determinism,N/A,N/A,,stubbed,
SAFE@468cf72:spec/04-tasks-and-channels.md#4.4.p42:dce8ac38,spec/04-tasks-and-channels.md,4.4,42,dynamic_semantics,Race-freedom,N/A,N/A,,stubbed,
SAFE@468cf72:spec/04-tasks-and-channels.md#4.5.p45:8bdd0c99,spec/04-tasks-and-channels.md,4.5,45,legality_rule,Race-freedom,companion/spark/safe_po.ads,Safe_PO.Check_Exclusive_Ownership; Safe_Model.Var_Id_Range,tests/concurrency/exclusive_variable.safe,stubbed,
SAFE@468cf72:spec/04-tasks-and-channels.md#4.5.p47:bc08fb3b,spec/04-tasks-and-channels.md,4.5,47,implementation_requirement,Race-freedom,N/A,N/A,,stubbed,Dependency interface effect summaries are sound
SAFE@468cf72:spec/04-tasks-and-channels.md#4.5.p49:d2001725,spec/04-tasks-and-channels.md,4.5,49,legality_rule,Race-freedom,N/A,N/A,,stubbed,
SAFE@468cf72:spec/04-tasks-and-channels.md#4.5.p50:2882310a,spec/04-tasks-and-channels.md,4.5,50,static_semantics,Conformance,N/A,N/A,,stubbed,
SAFE@468cf72:spec/04-tasks-and-channels.md#4.6.p53:897d5577,spec/04-tasks-and-channels.md,4.6,53,legality_rule,Race-freedom,N/A,N/A,,stubbed,
SAFE@468cf72:spec/04-tasks-and-channels.md#4.6.p53b:19b7c4ae,spec/04-tasks-and-channels.md,4.6,53b,legality_rule,Conformance,N/A,N/A,,stubbed,
SAFE@468cf72:spec/04-tasks-and-channels.md#4.6.p53c:77a5f52c,spec/04-tasks-and-channels.md,4.6,53c,legality_rule,Conformance,N/A,N/A,,stubbed,
SAFE@468cf72:spec/04-tasks-and-channels.md#4.7.p56:55e4230e,spec/04-tasks-and-channels.md,4.7,56,dynamic_semantics,Race-freedom,N/A,N/A,,stubbed,Runtime system implements deferred task activation
SAFE@468cf72:spec/04-tasks-and-channels.md#4.7.p58:d10f9cd1,spec/04-tasks-and-channels.md,4.7,58,implementation_requirement,Determinism,N/A,N/A,,stubbed,
SAFE@468cf72:spec/05-assurance.md#5.1.p2:14a5a600,spec/05-assurance.md,5.1,2,conformance_requirement,Conformance,N/A,N/A,,stubbed,
SAFE@468cf72:spec/05-assurance.md#5.2.1.p3:ce5a8fe7,spec/05-assurance.md,5.2.1,3,conformance_requirement,Bronze-flow,N/A,N/A,,stubbed,
SAFE@468cf72:spec/05-assurance.md#5.2.2.p5:a07e15ef,spec/05-assurance.md,5.2.2,5,implementation_requirement,Bronze-flow,N/A,N/A,,stubbed,
SAFE@468cf72:spec/05-assurance.md#5.2.3.p8:dfb93f2c,spec/05-assurance.md,5.2.3,8,implementation_requirement,Bronze-flow,N/A,N/A,,stubbed,
SAFE@468cf72:spec/05-assurance.md#5.2.4.p11:b89bd341,spec/05-assurance.md,5.2.4,11,implementation_requirement,Bronze-flow,N/A,N/A,,stubbed,
SAFE@468cf72:spec/05-assurance.md#5.3.1.p12:99a94209,spec/05-assurance.md,5.3.1,12,conformance_requirement,Silver-AoRTE,companion/spark/safe_po.ads,Safe_PO.Safe_Div; Safe_PO.Safe_Index; Safe_PO.Not_Null_Ptr,,stubbed,
SAFE@468cf72:spec/05-assurance.md#5.3.1.p12a:047a8410,spec/05-assurance.md,5.3.1,12a,conformance_requirement,Silver-AoRTE,N/A,N/A,,stubbed,Resource exhaustion behavior is defined (abort) but not statically preventable
SAFE@468cf72:spec/05-assurance.md#5.3.2.p15:1ab3314c,spec/05-assurance.md,5.3.2,15,legality_rule,Silver-AoRTE,companion/spark/safe_model.ads,Safe_Model.Range64,,stubbed,
SAFE@468cf72:spec/05-assurance.md#5.3.2.p16:2e323902,spec/05-assurance.md,5.3.2,16,legality_rule,Silver-AoRTE,N/A,N/A,,stubbed,
SAFE@468cf72:spec/05-assurance.md#5.3.6.p25:e8253bd7,spec/05-assurance.md,5.3.6,25,implementation_requirement,Silver-AoRTE,companion/spark/safe_po.ads,Safe_PO.Narrow_Assignment; Safe_PO.Narrow_Return,tests/positive/rule1_averaging.safe; tests/positive/rule1_return.safe; tests/negative/neg_rule1_return_fail.safe; tests/golden/golden_sensors/,stubbed,
SAFE@468cf72:spec/05-assurance.md#5.3.6.p26:9ca2c786,spec/05-assurance.md,5.3.6,26,legality_rule,Silver-AoRTE,N/A,N/A,tests/negative/neg_rule1_narrow_fail.safe,stubbed,
SAFE@468cf72:spec/05-assurance.md#5.3.7.p27:e63b291b,spec/05-assurance.md,5.3.7,27,implementation_requirement,Silver-AoRTE,N/A,N/A,,stubbed,
SAFE@468cf72:spec/05-assurance.md#5.3.7a.p28a:5936dbea,spec/05-assurance.md,5.3.7a,28a,implementation_requirement,Silver-AoRTE,companion/spark/safe_po.ads,Safe_PO.FP_Not_NaN,,stubbed,Target hardware supports IEEE 754 non-trapping mode
SAFE@468cf72:spec/05-assurance.md#5.3.9.p30:c7a2cbdb,spec/05-assurance.md,5.3.9,30,conformance_requirement,Silver-AoRTE,N/A,N/A,,stubbed,
SAFE@468cf72:spec/05-assurance.md#5.3.9.p31:f6ea7939,spec/05-assurance.md,5.3.9,31,conformance_requirement,Silver-AoRTE,N/A,N/A,,stubbed,
SAFE@468cf72:spec/05-assurance.md#5.4.1.p32:90d4f527,spec/05-assurance.md,5.4.1,32,conformance_requirement,Race-freedom,companion/spark/safe_po.ads,Safe_PO.Check_Exclusive_Ownership; Safe_Model.Var_Id_Range,tests/concurrency/exclusive_variable.safe,stubbed,
SAFE@468cf72:spec/05-assurance.md#5.4.1.p33:0fc25399,spec/05-assurance.md,5.4.1,33,implementation_requirement,Race-freedom,companion/spark/safe_po.ads,Safe_PO.Check_Exclusive_Ownership; Safe_Model.Var_Id_Range,tests/concurrency/exclusive_variable.safe,stubbed,
SAFE@468cf72:spec/05-assurance.md#5.4.2.p34:198b1ddf,spec/05-assurance.md,5.4.2,34,implementation_requirement,Race-freedom,N/A,N/A,,stubbed,
SAFE@468cf72:spec/05-assurance.md#5.4.4.p40:36087a2c,spec/05-assurance.md,5.4.4,40,implementation_requirement,Race-freedom,N/A,N/A,,stubbed,
SAFE@468cf72:spec/06-conformance.md#6.1.p1a:ba2c1d31,spec/06-conformance.md,6.1,1a,conformance_requirement,Conformance,N/A,N/A,,stubbed,
SAFE@468cf72:spec/06-conformance.md#6.1.p1b:3890c549,spec/06-conformance.md,6.1,1b,conformance_requirement,Conformance,N/A,N/A,,stubbed,
SAFE@468cf72:spec/06-conformance.md#6.1.p1c:1f8fe478,spec/06-conformance.md,6.1,1c,conformance_requirement,Conformance,N/A,N/A,,stubbed,
SAFE@468cf72:spec/06-conformance.md#6.1.p1d:19219997,spec/06-conformance.md,6.1,1d,conformance_requirement,Silver-AoRTE,N/A,N/A,,stubbed,
SAFE@468cf72:spec/06-conformance.md#6.1.p1e:d0e6c93b,spec/06-conformance.md,6.1,1e,conformance_requirement,Race-freedom,N/A,N/A,,stubbed,
SAFE@468cf72:spec/06-conformance.md#6.1.p1f:2410637e,spec/06-conformance.md,6.1,1f,conformance_requirement,Bronze-flow,N/A,N/A,,stubbed,
SAFE@468cf72:spec/06-conformance.md#6.1.p1g:80745a1e,spec/06-conformance.md,6.1,1g,implementation_requirement,Conformance,N/A,N/A,,stubbed,
SAFE@468cf72:spec/06-conformance.md#6.1.p2:983b5f84,spec/06-conformance.md,6.1,2,conformance_requirement,Conformance,N/A,N/A,,stubbed,
SAFE@468cf72:spec/06-conformance.md#6.2.p4:3e238301,spec/06-conformance.md,6.2,4,conformance_requirement,Silver-AoRTE,N/A,N/A,,stubbed,
SAFE@468cf72:spec/06-conformance.md#6.4.p11:f35e2134,spec/06-conformance.md,6.4,11,conformance_requirement,Silver-AoRTE,N/A,N/A,,stubbed,Static analysis implementation is verified or validated
SAFE@468cf72:spec/06-conformance.md#6.4.p11b:6e973d1d,spec/06-conformance.md,6.4,11b,conformance_requirement,Silver-AoRTE,N/A,N/A,,stubbed,
SAFE@468cf72:spec/06-conformance.md#6.5.1.p16:b89b7765,spec/06-conformance.md,6.5.1,16,implementation_requirement,Conformance,N/A,N/A,,stubbed,
SAFE@468cf72:spec/06-conformance.md#6.5.2.p17:70300f7a,spec/06-conformance.md,6.5.2,17,implementation_requirement,Conformance,N/A,N/A,,stubbed,
SAFE@468cf72:spec/06-conformance.md#6.5.2.p18:ae5640ac,spec/06-conformance.md,6.5.2,18,implementation_requirement,Conformance,N/A,N/A,,stubbed,
SAFE@468cf72:spec/06-conformance.md#6.5.3.p19:5d4dfb69,spec/06-conformance.md,6.5.3,19,implementation_requirement,Conformance,N/A,N/A,,stubbed,
SAFE@468cf72:spec/06-conformance.md#6.6.p20a:d74e6ca7,spec/06-conformance.md,6.6,20a,implementation_requirement,Conformance,N/A,N/A,,stubbed,
SAFE@468cf72:spec/06-conformance.md#6.6.p20b:74ad00a2,spec/06-conformance.md,6.6,20b,implementation_requirement,Conformance,N/A,N/A,,stubbed,
SAFE@468cf72:spec/06-conformance.md#6.7.p22:03afd0a4,spec/06-conformance.md,6.7,22,implementation_requirement,Conformance,N/A,N/A,,stubbed,
SAFE@468cf72:spec/06-conformance.md#6.8.p23:3419a843,spec/06-conformance.md,6.8,23,implementation_requirement,Conformance,N/A,N/A,,stubbed,
SAFE@468cf72:spec/07-annex-a-retained-library.md#A.1.p3:70deff00,spec/07-annex-a-retained-library.md,A.1,3,static_semantics,Library-safety,N/A,N/A,,stubbed,
SAFE@468cf72:spec/07-annex-a-retained-library.md#A.4.1.p19:891ffa81,spec/07-annex-a-retained-library.md,A.4.1,19,static_semantics,Library-safety,N/A,N/A,,stubbed,
SAFE@468cf72:spec/08-syntax-summary.md#8.15.p1:75c5cfea,spec/08-syntax-summary.md,8.15,1,legality_rule,Conformance,N/A,N/A,,stubbed,
SAFE@468cf72:spec/08-syntax-summary.md#8.16.p2:ccb1533b,spec/08-syntax-summary.md,8.16,2,conformance_requirement,Conformance,N/A,N/A,,stubbed,
